{
  "SPXUSDT": {
    "last_alert_time": 1759053729.8824663
  },
  "AVAXUSDT": {
    "last_alert_time": 1759054480.0520616
  },
  "BTCUSDT": {
    "last_alert_time": 1759056488.353497
  },
  "MUSDT": {
    "last_alert_time": 1759097458.3338737
  },
  "PENDLEUSDT": {
    "last_alert_time": 1759058531.7662237
  },
  "PUMPUSDT": {
    "last_alert_time": 1759059237.8954363
  },
  "OKBUSDT": {
    "last_alert_time": 1759091346.4098816
  },
  "EIGENUSDT": {
    "last_alert_time": 1759096084.711923
  },
  "DOTUSDT": {
    "last_alert_time": 1759065519.6997025
  },
  "PIUSDT": {
    "last_alert_time": 1759065520.4037926
  },
  "ATOMUSDT": {
    "last_alert_time": 1759065520.580337
  },
  "JTOUSDT": {
    "last_alert_time": 1759065521.1035383
  },
  "MNTUSDT": {
    "last_alert_time": 1759066529.4938383
  },
  "ETCUSDT": {
    "last_alert_time": 1759066529.7510934
  },
  "ADAUSDT": {
    "last_alert_time": 1759067282.2382336
  },
  "SUIUSDT": {
    "last_alert_time": 1759067282.984188
  },
  "APTUSDT": {
    "last_alert_time": 1759067283.2668686
  },
  "INJUSDT": {
    "last_alert_time": 1759067283.6672595
  },
  "SUSDT": {
    "last_alert_time": 1759067284.0554829
  },
  "BRETTUSDT": {
    "last_alert_time": 1759067284.2041864
  },
  "ETHUSDT": {
    "last_alert_time": 1759068556.170528
  },
  "TRXUSDT": {
    "last_alert_time": 1759068556.177552
  },
  "ONDOUSDT": {
    "last_alert_time": 1759068557.5158417
  },
  "ENSUSDT": {
    "last_alert_time": 1759068557.8419003
  },
  "FARTCOINUSDT": {
    "last_alert_time": 1759068558.0656605
  },
  "BEAMUSDT": {
    "last_alert_time": 1759068558.1000504
  },
  "BERAUSDT": {
    "last_alert_time": 1759068558.1456065
  },
  "XRPUSDT": {
    "last_alert_time": 1759069548.5550995
  },
  "HBARUSDT": {
    "last_alert_time": 1759069548.8307726
  },
  "UNIUSDT": {
    "last_alert_time": 1759069548.9012034
  },
  "AAVEUSDT": {
    "last_alert_time": 1759069549.108261
  },
  "TAOUSDT": {
    "last_alert_time": 1759069549.1607025
  },
  "POLUSDT": {
    "last_alert_time": 1759069549.4494333
  },
  "KASUSDT": {
    "last_alert_time": 1759069549.6515276
  },
  "WIFUSDT": {
    "last_alert_time": 1759069550.2775714
  },
  "ASTERUSDT": {
    "last_alert_time": 1759070085.08606
  },
  "SOLUSDT": {
    "last_alert_time": 1759070872.164567
  },
  "IMXUSDT": {
    "last_alert_time": 1759070873.3890018
  },
  "HYPEUSDT": {
    "last_alert_time": 1759073128.1190171
  },
  "CROUSDT": {
    "last_alert_time": 1759073644.869816
  },
  "IPUSDT": {
    "last_alert_time": 1759075959.8160038
  },
  "WLFIUSDT": {
    "last_alert_time": 1759088039.9562624
  }
}