{
  "AVAXUSDT": {
    "last_alert_time": 1759029244.3581822
  },
  "ICPUSDT": {
    "last_alert_time": 1759029245.3147001
  },
  "AXSUSDT": {
    "last_alert_time": 1759029245.3376172
  },
  "SANDUSDT": {
    "last_alert_time": 1759029245.847833
  },
  "YFIUSDT": {
    "last_alert_time": 1759029246.4128351
  }
}