{
  "SPXUSDT": {
    "last_alert_time": 1759053729.8824663
  },
  "AVAXUSDT": {
    "last_alert_time": 1759054480.0520616
  },
  "BTCUSDT": {
    "last_alert_time": 1759056488.353497
  },
  "MUSDT": {
    "last_alert_time": 1759057733.904061
  },
  "PENDLEUSDT": {
    "last_alert_time": 1759058531.7662237
  }
}