{
  "BTC_SELL": {
    "timeframe": "12h",
    "timestamp": 1757755800.0,
    "recorded_at": 1757770439.854623
  },
  "SOL_SELL": {
    "timeframe": "12h",
    "timestamp": 1757755800.0,
    "recorded_at": 1757770441.791988
  },
  "ONDO_SELL": {
    "timeframe": "12h",
    "timestamp": 1757755800.0,
    "recorded_at": 1757770476.786949
  },
  "JUP_SELL": {
    "timeframe": "12h",
    "timestamp": 1757755800.0,
    "recorded_at": 1757770486.58589
  },
  "FIDA_SELL": {
    "timeframe": "12h",
    "timestamp": 1757784600.0,
    "recorded_at": 1757770548.677913
  },
  "REAL_SELL": {
    "timeframe": "12h",
    "timestamp": 1757755800.0,
    "recorded_at": 1757770551.171798
  },
  "ETH_SELL": {
    "timeframe": "6h",
    "timestamp": 1757777400.0,
    "recorded_at": 1757772462.48485
  },
  "TRX_SELL": {
    "timeframe": "8h",
    "timestamp": 1757770200.0,
    "recorded_at": 1757773394.8619
  },
  "LINK_SELL": {
    "timeframe": "6h",
    "timestamp": 1757777400.0,
    "recorded_at": 1757772466.884458
  },
  "TON_SELL": {
    "timeframe": "6h",
    "timestamp": 1757784600.0,
    "recorded_at": 1757772489.67415
  },
  "UNI_SELL": {
    "timeframe": "8h",
    "timestamp": 1757770200.0,
    "recorded_at": 1757773422.605514
  },
  "AAVE_SELL": {
    "timeframe": "6h",
    "timestamp": 1757777400.0,
    "recorded_at": 1757772494.250535
  },
  "ARB_SELL": {
    "timeframe": "6h",
    "timestamp": 1757777400.0,
    "recorded_at": 1757772500.356423
  },
  "SEI_SELL": {
    "timeframe": "6h",
    "timestamp": 1757777400.0,
    "recorded_at": 1757772505.399099
  },
  "IMX_SELL": {
    "timeframe": "6h",
    "timestamp": 1757777400.0,
    "recorded_at": 1757772511.593635
  },
  "CRV_SELL": {
    "timeframe": "6h",
    "timestamp": 1757777400.0,
    "recorded_at": 1757772512.823625
  },
  "LDO_SELL": {
    "timeframe": "8h",
    "timestamp": 1757770200.0,
    "recorded_at": 1757773447.381817
  },
  "AERO_SELL": {
    "timeframe": "8h",
    "timestamp": 1757770200.0,
    "recorded_at": 1757773448.069851
  },
  "ENS_SELL": {
    "timeframe": "8h",
    "timestamp": 1757770200.0,
    "recorded_at": 1757773454.048577
  },
  "XCN_SELL": {
    "timeframe": "6h",
    "timestamp": 1757777400.0,
    "recorded_at": 1757772540.420224
  },
  "VELO_SELL": {
    "timeframe": "6h",
    "timestamp": 1757777400.0,
    "recorded_at": 1757772549.114232
  },
  "SUSHI_SELL": {
    "timeframe": "6h",
    "timestamp": 1757777400.0,
    "recorded_at": 1757772550.951717
  },
  "ROSE_SELL": {
    "timeframe": "6h",
    "timestamp": 1757784600.0,
    "recorded_at": 1757772554.642812
  },
  "BOME_SELL": {
    "timeframe": "6h",
    "timestamp": 1757777400.0,
    "recorded_at": 1757772558.762892
  },
  "ORCA_SELL": {
    "timeframe": "8h",
    "timestamp": 1757770200.0,
    "recorded_at": 1757773500.469713
  },
  "HIFI_SELL": {
    "timeframe": "6h",
    "timestamp": 1757777400.0,
    "recorded_at": 1757772576.22854
  },
  "TRB_SELL": {
    "timeframe": "8h",
    "timestamp": 1757770200.0,
    "recorded_at": 1757773506.496651
  },
  "PENDLE_SELL": {
    "timeframe": "12h",
    "timestamp": 1757755800.0,
    "recorded_at": 1757775301.054358
  }
}